{"cameraMode":{"drawMode":0,"name":"Shaded","section":"Shading Mode"},"sceneLighting":true,"audioPlay":false,"sceneViewState":{"showFog":true,"showMaterialUpdate":false,"showSkybox":false,"showFlares":true,"showImageEffects":true,"showParticleSystems":true},"in2DMode":false,"pivot":{"x":2.722135305404663,"y":1.0614430904388428,"z":3.2539443969726564},"rotation":{"x":-0.2054516226053238,"y":0.7004126906394959,"z":-0.22267156839370728,"w":-0.6462507247924805},"size":1.2802507877349854,"orthographic":false}