{"cameraMode":{"drawMode":0,"name":"Shaded","section":"Shading Mode"},"sceneLighting":true,"audioPlay":false,"sceneViewState":{"showFog":true,"showMaterialUpdate":false,"showSkybox":true,"showFlares":true,"showImageEffects":true,"showParticleSystems":true},"in2DMode":false,"pivot":{"x":-5.947931289672852,"y":5.463210105895996,"z":10.800127983093262},"rotation":{"x":0.1293007880449295,"y":0.5737931132316589,"z":-0.0924515649676323,"w":0.8035809397697449},"size":6.663501262664795,"orthographic":false}