{"cameraMode":{"drawMode":0,"name":"Shaded","section":"Shading Mode"},"sceneLighting":true,"audioPlay":false,"sceneViewState":{"showFog":true,"showMaterialUpdate":false,"showSkybox":true,"showFlares":true,"showImageEffects":true,"showParticleSystems":true},"in2DMode":false,"pivot":{"x":-5.461328983306885,"y":-0.6486206650733948,"z":2.888526678085327},"rotation":{"x":-0.11935064941644669,"y":0.7748566269874573,"z":-0.15343642234802247,"w":-0.6017143726348877},"size":9.347230911254883,"orthographic":false}